"['Albania', 'Durres (Durazzo) Port', 'AL DRZ']"
"['Albania', 'Sarande Port', 'AL SAR']"
"['Albania', 'Shengjjin Port', 'AL SHG']"
"['Albania', 'Vlore (Vlora, Vlone) Port', 'AL VOA']"
"['Algeria', 'Algiers Port', 'DZ ALG']"
"['Algeria', 'Annaba (Ex Bone) Port', 'DZ AAE']"
"['Algeria', 'Arzew Port', 'DZ AZW']"
"['Algeria', 'Bejaia (Ex Bougie) Port', 'DZ BJA']"
"['Algeria', 'Dellys Port', 'DZ DEL']"
"['Algeria', 'Ghazaouet Port', 'DZ GHA']"
"['Algeria', 'Mostaganem Port', 'DZ MOS']"
"['Algeria', 'Oran Port', 'DZ ORN']"
"['Algeria', 'Skikda (Ex Philippeville) Port', 'DZ SKI']"
"['Algeria', 'Tenes Port', 'DZ TEN']"
"['American Samoa', 'Pago Pago Port', 'AS PPG']"
"['Angola', 'Cabinda Port', 'AO CAB']"
"['Angola', 'Lobito Port', 'AO LOB']"
"['Angola', 'Luanda Port', 'AO LAD']"
"['Angola', 'Namibe Port', 'AO MSZ']"
"['Angola', 'Porto Amboim Port', 'AO PBN']"
"['Angola', 'Soyo Port', 'AO SOQ']"
"['Argentina', 'Bahia Blanca Port', 'AR BHI']"
"['Argentina', 'Buenos Aires Port', 'AR BUE']"
"['Argentina', 'Comodoro Rivadavia Port', 'AR CRD']"
"['Argentina', 'Concepcion del Uruguay Port', 'AR COU']"
"['Argentina', 'Mar del Plata Port', 'AR MDQ']"
"['Argentina', 'Necochea Port', 'AR NEC']"
"['Argentina', 'Puerto Madryn Port', 'AR PMY']"
"['Argentina', 'Rio Gallegos Port', 'AR RGL']"
"['Argentina', 'Rosario Port', 'AR ROS']"
"['Argentina', 'Santa Fe Port', 'AR SFN']"
"['Argentina', 'Ushuaia Port', 'AR USH']"
"['Aruba', 'Oranjestad Port', 'AW ORJ']"
"['Ascension Island', 'Georgetown Port', 'SH ASI']"
"['Australia', 'Adelaide Port', 'AU PAE']"
"['Australia', 'Brisbane Port', 'AU BNE']"
"['Australia', 'Cairns Port', 'AU CNS']"
"['Australia', 'Darwin Port', 'AU DRW']"
"['Australia', 'Devonport Port', 'AU DPO']"
"['Australia', 'Fremantle Port', 'AU FRE']"
"['Australia', 'Geelong Port', 'AU GEX']"
"['Australia', 'Hobart Port', 'AU HBA']"
"['Australia', 'Mackay Port', 'AU MKY']"
"['Australia', 'Melbourne Port', 'AU MEL']"
"['Australia', 'Sydney Port', 'AU SYD']"
"['Australia', 'Townsville Port', 'AU TSV']"
"['Azerbaijan', 'Baku Port', 'AZ BAK']"
"['Bahamas', 'Freeport Port', 'BS FPO']"
"['Bahamas', 'Nassau Port', 'BS NAS']"
"['Bahrain', 'Mina Salman Port', 'BH MIN']"
"['Bahrain', 'Sitra Port', 'BH SIT']"
"['Bangladesh', 'Chittagong Port', 'BD CGP']"
"['Bangladesh', 'Mongla Port', 'BD MGL']"
"['Barbados', 'Bridgetown Port', 'BB BGI']"
"['Belgium', 'Antwerp Port', 'BE ANR']"
"['Belgium', 'Brussels (Bruxelles) Port', 'BE BRU']"
"['Belgium', 'Ghent Port', 'BE GNE']"
"['Belgium', 'Liege Port', 'BE LGG']"
"['Belgium', 'Zeebrugge Port', 'BE ZEE']"
"['Belize', 'Belize City Port', 'BZ BZE']"
"['Benin', 'Cotonou Port', 'BJ COO']"
"['Bermuda', 'Hamilton Port', 'BM BDA']"
"['Bermuda', 'St Georges Port', 'BM SGE']"
"['Brazil', 'Belem Port', 'BR BEL']"
"['Brazil', 'Fortaleza Port', 'BR FOR']"
"['Brazil', 'Imbituba Port', 'BR IBB']"
"['Brazil', 'Manaus Port', 'BR MAO']"
"['Brazil', 'Paranagua Port', 'BR PNG']"
"['Brazil', 'Porto Alegre Port', 'BR POA']"
"['Brazil', 'Recife Port', 'BR REC']"
"['Brazil', 'Rio De Janeiro Port', 'BR RIO']"
"['Brazil', 'Rio Grande Port', 'BR RIG']"
"['Brazil', 'Salvador Port', 'BR SSA']"
"['Brazil', 'Santos Port', 'BR SSZ']"
"['Brazil', 'Vitoria Port', 'BR VIX']"
"['Brunei Darussalam', 'Kuala Belait Port', 'BN KUB']"
"['Brunei Darussalam', 'Muara Port', 'BN MUA']"
"['Bulgaria', 'Varna Port', 'BG VAR']"
"['Cambodia', 'Kompongsom (also known as:) Port', 'KH KOS']"
"['Cambodia', 'Phnom Penh Port', 'KH PNH']"
"['Cameroon', 'Douala Port', 'CM DLA']"
"['Cameroon', 'Kribi Port', 'CM KBI']"
"['Cameroon', 'Tiko Port', 'CM TKC']"
"['Canada', 'Alberni Port', 'CM PAB']"
"['Canada', 'Becancour Port', 'CA BEC']"
"['Canada', 'Churchill Port', 'CA CHV']"
"['Canada', 'Fraser River Port (Port of New Westminster) Port', 'CA NWE']"
"['Canada', 'Halifax Port', 'CA HAL']"
"['Canada', 'Hamilton Port', 'CA HAM']"
"['Canada', 'Halifax Port', 'CA HAL']"
"['Canada', 'Montreal Port', 'CA MTR']"
"['Canada', 'Nanaimo Port', 'CA NNO']"
"['Canada', 'Saguenay Port', 'n/a']"
"['Canada', 'Sept Iles (Seven Islands) Port', 'CA SEI']"
"['Canada', 'St Johns Port', 'CA SJF']"
"['Canada', 'Sydney Port', 'CA SYD']"
"['Canada', 'Thunder Bay Port', 'CA THU']"
"['Canada', 'Toronto Port', 'CA TOR']"
"['Canada', 'Trois-Rivieres Port', 'CA TRR']"
"['Canada', 'Vancouver Port', 'CA VAN']"
"['Canada', 'Windsor Port', 'CA WND']"
"['Canary Islands', 'Las Palmas Port', 'ES LPA']"
"['Canary Islands', 'Santa Cruz de Tenerife Port', 'ES SCT']"
"['Cape Verde', 'Porto Grande Port', 'CV PGR']"
"['Cayman Islands', 'Georgetown, Grand Cayman Port', 'KY GEC']"
"['Chile', 'Antofagasta Port', 'CL ANF']"
"['Chile', 'Arica Port', 'CL ARI']"
"['Chile', 'Chanaral Port', 'CL CNR']"
"['Chile', 'Iquique Port', 'CL IQQ']"
"['Chile', 'Puerto Montt Port', 'CL PMC']"
"['Chile', 'Punta Arenas Port', 'CL PUQ']"
"['Chile', 'San Antonio Port', 'CL SAI']"
"['Chile', 'San Vicente Port', 'CL SVE']"
"['Chile', 'Talcahuano Port', 'CL TAL']"
"['Chile', 'Valparaiso Port', 'CL VAP']"
"['China', 'Dalian Port', 'CN DLC']"
"['China', 'Fuzhou Port', 'CN FOC']"
"['China', 'Guangzhou Port', 'CN CAN']"
"['China', 'Haikou Port', 'CN HAK']"
"['China', 'Lianyungang Port', 'CN LYG']"
"['China', 'Nantong Port', 'CN NTG']"
"['China', 'Ningbo Port', 'CN NGB']"
"['China', 'Qingdao Port', 'CN TAO']"
"['China', 'Qinhuangdao Port', 'CN SHP']"
"['China', 'Shanghai Port', 'CN SHA']"
"['China', 'Shantou Port', 'CN SWA']"
"['China', 'Tianjin Port', 'CN TSN']"
"['China', 'Xiamen Port', 'CN XMN']"
"['China', 'Zhanjiang Port', 'CN ZHA']"
"['Colombia', 'Barranquilla Port', 'CO BAQ']"
"['Colombia', 'Buenaventura Port', 'CO BUN']"
"['Colombia', 'Cartagena Port', 'CO CTG']"
"['Colombia', 'Puerto Bolivar Port', 'CO PBO']"
"['Colombia', 'Tumaco Port', 'CO TCO']"
"['Colombia', 'Turbo Port', 'CO TRB']"
"['Comoros', 'Moroni Port', 'KM YVA']"
"['Comoros', 'Mutsamudu Port', 'KM MUT']"
"['Congo', 'Pointe Noire Port', 'CG PNR']"
"['Congo, Dem.', 'Banana Port', 'ZR BNW']"
"['Congo, Dem. Republic of', 'Boma Port', 'ZR BOA']"
"['Costa Rica', 'Caldera Port', 'CR CAL']"
"['Costa Rica', 'Golfito Port', 'CR GLF']"
"['Costa Rica', 'Puntarenas Port', 'CR PAS']"
"['Costa Rica', 'Quepos Port', 'CR XQP']"
"['Country', 'Port Port', 'CODE']"
"['Croatia', 'Rijeka Bakar Port', 'HR RJK']"
"['Croatia', 'Zadar Port', 'HR ZAD']"
"['Croatia', 'Dubrovnik Port', 'HR DBV']"
"['Croatia', 'Omisalj Port', 'HR OMI']"
"['Croatia', 'Ploce Port', 'HR PLE']"
"['Croatia', 'Pula Port', 'HR PUY']"
"['Croatia', 'Sibenik Port', 'HR SIB']"
"['Croatia', 'Split Port', 'HR SPU']"
"['Cuba', 'Havana Port', 'CU HAV']"
"['Cuba', 'Manzanillo Port', 'CU MZO']"
"['Cuba', 'Matanzas Port', 'CU QMA']"
"['Cuba', 'Nuevitas Port', 'CU NVT']"
"['Cuba', 'Santiago de Cuba Port', 'CU SCU']"
"['Cyprus', 'Akrotiri Port', 'CY AKT']"
"['Cyprus', 'Famagusta Port', 'CY FMG']"
"['Cyprus', 'Larnaca Port', 'CY LAT']"
"['Cyprus', 'Limassol Port', 'CY LMS']"
"['Cyprus', 'Paphos Port', 'CY PFO']"
"['Cyprus', 'Vassiliko Port', 'CY VAS']"
"['Côte d’Ivoire', 'Abidjan Port', 'CI ABJ']"
"['Denmark', 'Aarhus Port', 'DK AAR']"
"['Denmark', 'Esbjerg Port', 'DK EBJ']"
"['Denmark', 'Fredericia Port', 'DK FRC']"
"['Denmark', 'Frederikshavn Port', 'DK FDH']"
"['Denmark', 'Grenaa Port', 'DK GRE']"
"['Denmark', 'Odense Port', 'DK ODE']"
"['Denmark', 'Ronne Port', 'DK RNN']"
"['Djibouti', 'Djibouti Port', 'DJ JIB']"
"['Dominica', 'Portsmouth Port', 'DM POR']"
"['Dominica', 'Roseau Port', 'DM RSU']"
"['Dominican Republic', 'Barahona Port', 'DO BRX']"
"['Dominican Republic', 'La Romana Port', 'DO LRM']"
"['Dominican Republic', 'Puerto Plata Port', 'DO POP']"
"['Dominican Republic', 'Rio Haina Port', 'DO HAI']"
"['Dominican Republic', 'San Pedro de Macoris Port', 'DO SPM']"
"['Dominican Republic', 'Santo Domingo Port', 'DO SDQ']"
"['Ecuador', 'Esmeraldas Port', 'EC ESM']"
"['Ecuador', 'Guayaquil Port', 'EC GYE']"
"['Ecuador', 'La Libertad Port', 'EC LLD']"
"['Ecuador', 'Manta Port', 'EC MEC']"
"['Ecuador', 'Puerto Bolivar Port', 'EC PBO']"
"['Ecuador', 'San Lorenzo Port', 'EC SLR']"
"['Egypt', 'Alexandria Port', 'EG EDK']"
"['Egypt', 'Damietta Port', 'EG DAM']"
"['Egypt', 'Port Said Port', 'EG PSD']"
"['Egypt', 'Suez (Al Suweis) Port', 'EG']"
"['El Salvador', 'Acajutla Port', 'SV AQJ']"
"['El Salvador', 'Cutuco Port', 'SV CUT']"
"['Equatorial Guinea', 'Bata Port', 'GQ BSG']"
"['Equatorial Guinea', 'Ceiba Marine Terminal Port', 'n/a']"
"['Equatorial Guinea', 'Malabo (Rey Malabo) Port', 'GQ SSG']"
"['Estonia', 'Pärnu Port', 'EE PYA']"
"['Estonia', 'Tallinn Port', 'EE TLL']"
"['Faroe Islands', 'Klaksvik Port', 'FO KVI']"
"['Faroe Islands', 'Torshavn Port', 'FO THO']"
"['Fiji', 'Labasa (Lambasa) Port', 'FJ LBS']"
"['Fiji', 'Lautoka Port', 'FJ LTK']"
"['Fiji', 'Levuka Port', 'FJ LEV']"
"['Fiji', 'Savu Savu Port', 'FJ SVU']"
"['Fiji', 'Suva Port', 'FJ SUV']"
"['Finland', 'Hamina Port', 'FI HMN']"
"['Finland', 'Helsinki Port', 'FI HEL']"
"['Finland', 'Kokkola Port', 'FI KOK']"
"['Finland', 'Kotka Port', 'FI KTK']"
"['Finland', 'Loviisa Port', 'FI LOV']"
"['Finland', 'Oulu Port', 'FI OUL']"
"['Finland', 'Pori Port', 'FI POR']"
"['Finland', 'Rauma Port', 'FI RAU']"
"['Finland', 'Turku Port', 'FI TKU']"
"['Finland', 'Uusikaupunki Port', 'FI UKI']"
"['Finland', 'Vaasa Port', 'FI VAA']"
"['France', 'Bordeaux Port', 'FR BOD']"
"['France', 'Boulogne Sur Mer Port', 'FR BOL']"
"['France', 'Cherbourg Port', 'FR CER']"
"['France', 'Dunkerque Port', 'FR DKK']"
"['France', 'La Rochelle-Pallice Port', 'FR LPE']"
"['France', 'Le Havre Port', 'FR LEH']"
"['France', 'Marseille Port', 'FR MRS']"
"['France', 'Nantes-St. Nazaire Port', 'FR NTE']"
"['France', 'Paris Port', 'FR PAR']"
"['France', 'Rouen Port', 'FR URO']"
"['France', 'St Malo Port', 'FR SML']"
"['France', 'Strasbourg Port', 'FR SXB']"
"['France', 'Toulon Port', 'FR TLN']"
"['French Guiana', 'Cayenne Port', 'GF CAY']"
"['French Polynesia', 'Papeete Port', 'PF PPT']"
"['Gabon', 'Cap Lopez Port', 'GA CLZ']"
"['Gabon', 'Libreville Port', 'GA LBV']"
"['Gabon', 'Owendo Port', 'GA OWE']"
"['Gabon', 'Port Gentil Port', 'GA POG']"
"['Gambia', 'Banjul Port', 'GM BJL']"
"['Georgia', 'Batumi Port', 'GE BUS']"
"['Georgia', 'Poti Port', 'GE PTI']"
"['Georgia', 'Sukhumi Port', 'GE SUI']"
"['Germany', 'Brake Port', 'DE BKE']"
"['Germany', 'Bremen Port', 'DE BRE']"
"['Germany', 'Bremerhaven Port', 'DE BRV']"
"['Germany', 'Duisburg Port', 'DE DUI']"
"['Germany', 'Dusseldorf Port', 'DE DUS']"
"['Germany', 'Emden Port', 'DE EME']"
"['Germany', 'Hamburg Port', 'DE HAM']"
"['Germany', 'Karlsruhe Port', 'DE KAE']"
"['Germany', 'Kiel Port', 'DE KEL']"
"['Germany', 'Lubeck Port', 'DE LBC']"
"['Germany', 'Mannheim Port', 'DE MHG']"
"['Germany', 'Rostock Port', 'DE RSK']"
"['Germany', 'Wilhelmshavn Port', 'DE WVN']"
"['Ghana', 'Takoradi Port', 'GH TKD']"
"['Ghana', 'Tema Port', 'GH TEM']"
"['Gibraltar', 'Gibraltar Port', 'GI GIB']"
"['Greece', 'Eleusis Port', 'GR EEU']"
"['Greece', 'Iraklion (Heraklion) Port', 'GR HER']"
"['Greece', 'Kavala Port', 'GR KVA']"
"['Greece', 'Patras Port', 'GR GPA']"
"['Greece', 'Piraeus Port', 'GR PIR']"
"['Greece', 'Thessaloniki Port', 'GR SKG']"
"['Greece', 'Volos Port', 'GR VOL']"
"['Greenland', 'Holsteinsborg (Sisimiut) Port', 'GL JHS']"
"['Greenland', 'Nanortalik Port', 'GL JNN']"
"['Greenland', 'Narsarsuaq Port', 'GL UAK']"
"['Greenland', 'Nuuk (Godthaab) Port', 'GL GOH']"
"['Guadeloupe', 'Gustavia Port', 'GP GUS']"
"['Guadeloupe', 'Pointe-a-Pitre Port', 'GP PTP']"
"['Guam', 'Apra (Agana) Port', 'GU APR']"
"['Guatemala', 'Champerico Port', 'GT CHR']"
"['Guatemala', 'Puerto Barrios Port', 'GT PBR']"
"['Guatemala', 'Santo Tomas De Castilla Port', 'GT STC']"
"['Guinea', 'Conakry Port', 'GN CKY']"
"['Guinea', 'Port Kamsar Port', 'GN KMR']"
"['Guinea-Bissau', 'Bissau Port', 'GW BXO']"
"['Guyana', 'Georgetown Port', 'GY GEO']"
"['Guyana', 'New Amsterdam Port', 'GY QSK']"
"['Haiti', 'Port Au Prince Port', 'HT PAP']"
"['Honduras', 'La Ceiba Port', 'HN LCE']"
"['Honduras', 'Puerto Castilla Port', 'HN PCA']"
"['Honduras', 'Puerto Cortes Port', 'HN PCR']"
"['Honduras', 'San Lorenzo Port', 'HN SLO']"
"['Honduras', 'Tela Port', 'HN TEA']"
"['Hong Kong', 'Hong Kong Port', 'HK HKG']"
"['Iceland', 'Akureyri Port', 'IS AKU']"
"['Iceland', 'Hafnarfjordur (Straumsvik) Port', 'IS HAF']"
"['Iceland', 'Isafjordur Port', 'IS ISA']"
"['Iceland', 'Keflavik Port', 'IS KEV']"
"['Iceland', 'Reykjavik Port', 'IS REY']"
"['Iceland', 'Vestmannaeyjar Port', 'IS VES']"
"['India', 'Bombay (Mumbai) Port', 'IN BOM']"
"['India', 'Calcutta (Kolkata) Port', 'IN CCU']"
"['India', 'Chennai (Madras) Port', 'IN MAA']"
"['India', 'Cochin Port', 'IN COK']"
"['India', 'Kandla Port', 'IN IXY']"
"['India', 'Nhava Sheva (Jawaharlal Nehru) Port', 'IN NSA']"
"['India', 'Tuticorin Port', 'IN TUT']"
"['India', 'Vishakhapatnam Port', 'IN VTZ']"
"['Indonesia', 'Cilacap, Java(Tanjung Intan) Port', 'ID CXP']"
"['Indonesia', 'Cirebon, Java Port', 'ID CBN']"
"['Indonesia', 'Jakarta, Java (Tanjung Priok) Port', 'ID TPP']"
"['Indonesia', 'Kupang, Timor Port', 'ID KOE']"
"['Indonesia', 'Palembang, Sumatra Port', 'ID PLM']"
"['Indonesia', 'Semarang, Java (Tanjung Emas) Port', 'ID SRG']"
"['Indonesia', 'Surabaya, Java (Tanjung Perak) Port', 'ID SUB']"
"['Indonesia', 'Ujung Pandang, Sulawesi (Makassar) Port', 'ID UPG']"
"['Iran', 'Abadan Port', 'IR ABD']"
"['Iran', 'Bandar Abbas Port', 'IR BND']"
"['Iran', 'Bandar Anzali Port', 'IR BAZ']"
"['Iran', 'Bandar Mahshahr Port', 'IR MRX']"
"['Iran', 'Bushehr Port', 'IR BUZ']"
"['Iran', 'Imam Khomeini Port', 'IR BKM']"
"['Iran', 'Khorramshahr Port', 'IR KHO']"
"['Iran', 'Lavan Port', 'IR LVP']"
"['Iran', 'Sirri Island Port', 'IR SXI']"
"['Iraq', 'Basra Port', 'IQ BSR']"
"['Iraq', 'Khor al Zubair Port', 'IQ KAZ']"
"['Iraq', 'Umm Qasr Port', 'IQ UQR']"
"['Ireland', 'Arklow Port', 'IE ARK']"
"['Ireland', 'Cork Port', 'IE ORK']"
"['Ireland', 'Drogheda Port', 'IE DRO']"
"['Ireland', 'Dublin Port', 'IE DUB']"
"['Ireland', 'Foynes (Shannon Foynes Port) Port', 'IE FOV']"
"['Ireland', 'Galway Port', 'IE GWY']"
"['Ireland', 'New Ross Port', 'IE NRS']"
"['Ireland', 'Waterford Port', 'IE WAT']"
"['Israel', 'Ashdod Port', 'IL ASH']"
"['Israel', 'Ashkelon Port', 'IL AKL']"
"['Israel', 'Eilat Port', 'IL ETH']"
"['Israel', 'Hadera Port', 'IL HAD']"
"['Israel', 'Haifa Port', 'IL HFA']"
"['Italy', 'Augusta Port', 'IT AUG']"
"['Italy', 'Bagnoli Port', 'IT BLN']"
"['Italy', 'Bari Port', 'IT BRI']"
"['Italy', 'Brindisi Port', 'IT BDS']"
"['Italy', 'Gela Port', 'IT GEA']"
"['Italy', 'Genoa Port', 'IT GOA']"
"['Italy', 'La Spezia Port', 'IT SPE']"
"['Italy', 'Livorno Port', 'IT LIV']"
"['Italy', 'Messina Port', 'IT MSN']"
"['Italy', 'Milazzo Port', 'IT MLZ']"
"['Italy', 'Napoli (Naples) Port', 'IT NAP']"
"['Italy', 'Palermo Port', 'IT PMO']"
"['Italy', 'Porto Torres Port', 'IT PTO']"
"['Italy', 'Ravenna Port', 'IT RAN']"
"['Italy', 'Sarroch (Porto Foxi) Port', 'IT PFX']"
"['Italy', 'Savona-Vado Port', 'IT SVN']"
"['Italy', 'Taranto Port', 'IT TAR']"
"['Italy', 'Trieste Port', 'IT TRS']"
"['Italy', 'Venice Port', 'IT VCE']"
"['Jamaica', 'Kingston Port', 'JM KIN']"
"['Jamaica', 'Montego Bay Port', 'JM MBJ']"
"['Jamaica', 'Ocho Rios Port', 'JM OCJ']"
"['Jamaica', 'Port Antonio Port', 'JM POT']"
"['Jamaica', 'Port Esquivel Port', 'JM PEV']"
"['Jamaica', 'Rocky Point Port', 'JM ROP']"
"['Japan', 'Akita Port', 'JP AXT']"
"['Japan', 'Amagasaki Port', 'JP AMA']"
"['Japan', 'Chiba Port', 'JP CHB']"
"['Japan', 'Hachinohe Port', 'JP HHE']"
"['Japan', 'Hakodate, Hokkaido Port', 'JP HKD']"
"['Japan', 'Higashiharima Port', 'JP HHR']"
"['Japan', 'Himeji Port', 'JP HIM']"
"['Japan', 'Hiroshima Port', 'JP HIJ']"
"['Japan', 'Kawasaki Port', 'JP KWS']"
"['Japan', 'Kinuura Port', 'JP KNU']"
"['Japan', 'Kobe Port', 'JP UKB']"
"['Japan', 'Kushiro, Hokkaido Port', 'JP KUH']"
"['Japan', 'Mizushima Port', 'JP MIZ']"
"['Japan', 'Moji Port', 'JP MOJ']"
"['Japan', 'Nagoya Port', 'JP NGO']"
"['Japan', 'Osaka Port', 'JP OSA']"
"['Japan', 'Sakai Port', 'JP SAK']"
"['Japan', 'Sakata Port', 'JP SKT']"
"['Japan', 'Shimizu Port', 'JP SMZ']"
"['Japan', 'Tokyo Port', 'JP TYO']"
"['Japan', 'Tomakomai,Hokkaido Port', 'JP TMK']"
"['Japan', 'Yokohama Port', 'JP YOK']"
"['Jordan', 'Aqaba (El Akaba) Port', 'JO AQJ']"
"['Kenya', 'Lamu Port', 'KE LAU']"
"['Kenya', 'Mombasa Port', 'KE MBA']"
"['Kiribati', 'Betio (Tarawa) Port', 'KI TRW']"
"['Korea (North)', 'Chongjin Port', 'KP CHO']"
"['Korea (North)', 'Haeju Port', 'KP HAE']"
"['Korea (North)', 'Nampo Port', 'KP NAM']"
"['Korea (North)', 'Wonsan Port', 'KP WON']"
"['Korea (South)', 'Busan (Pusan) Port', 'KR PUS']"
"['Korea (South)', 'Chinhae Port', 'KR CHF']"
"['Korea (South)', 'Inchon Port', 'KR INC']"
"['Korea (South)', 'Masan Port', 'KR MAS']"
"['Korea (South)', 'Mokpo Port', 'KR MOK']"
"['Korea (South)', 'Pohang Port', 'KR KPO']"
"['Korea (South)', 'Tonghae Port', 'KR TGH']"
"['Korea (South)', 'Ulsan Port', 'KR USN']"
"['Korea (South)', 'Yosu (Yeosu) Port', 'KR YOS']"
"['Kuwait', 'Mina al Ahmadi Port', 'KW MEA']"
"['Kuwait', 'Mina Saud Port', 'KW MIS']"
"['Kuwait', 'Shuwaikh Port', 'KW SWK']"
"['Latvia', 'Liepaja Port', 'LV LPX']"
"['Latvia', 'Riga Port', 'SU RIX']"
"['Latvia', 'Ventspils Port', 'LV VNT']"
"['Lebanon', 'Beirut Port', 'LB BEY']"
"['Lebanon', 'Chekka Port', 'LB CHK']"
"['Lebanon', 'Selaata Port', 'LB SEL']"
"['Lebanon', 'Sidon Port', 'LB SDN']"
"['Lebanon', 'Tripoli Port', 'LB KYE']"
"['Liberia', 'Buchanan Port', 'LR UCN']"
"['Liberia', 'Greenville Port', 'LR GRE']"
"['Liberia', 'Monrovia Port', 'LR MLW']"
"['Libya', 'Bingazi (Benghazi) Port', 'LY BEN']"
"['Libya', 'Derna Port', 'LY DNF']"
"['Libya', 'Marsa El Brega Port', 'LY LMQ']"
"['Libya', 'Misurata (Qasr Ahmed) Port', 'LY MRA']"
"['Libya', 'Ras Lanuf Port', 'LY RLA']"
"['Libya', 'Tobruk Port', 'LY TOB']"
"['Libya', 'Tripoli Port', 'LY TIP']"
"['Libya', 'Zuara Port', 'LY ZUA']"
"['Lithuania', 'Klaipeda (includes sixsubports:) Port', 'LT KLJ']"
"['Macau', 'Macau (Macao, Aomen) Port', 'MOMFM']"
"['Madagascar', 'Antsiranana (Diego Suarez) Port', 'MG DIE']"
"['Madagascar', 'Majunga (Mahajanga) Port', 'MG MJN']"
"['Madagascar', 'Toamasina (Tamatave) Port', 'MG TOA']"
"['Madagascar', 'Tulear (Toliara) Port', 'MG TLE']"
"['Malaysia', 'Bintulu, Sarawak Port', 'MY BTU']"
"['Malaysia', 'Kota Kinabalu, Sabah Port', 'MY BKI']"
"['Malaysia', 'Kuantan (Tanjong Gelang) Port', 'MY KUA']"
"['Malaysia', 'Kuching, Sarawak Port', 'MY KCH']"
"['Malaysia', 'Kudat, Sabah Port', 'MY KUD']"
"['Malaysia', 'Labuan, Sabah Port', 'MY LBU']"
"['Malaysia', 'Lahad Datu, Sabah Port', 'MY LDU']"
"['Malaysia', 'Lumut Port', 'MY LUM']"
"['Malaysia', 'Miri, Sarawak Port', 'MY MYY']"
"['Malaysia', 'Pasir Gudang, Johor Port', 'MY PGU']"
"['Malaysia', 'Penang (Georgetown) Port', 'MY PEN']"
"['Malaysia', 'Port Dickson Port', 'MY PDI']"
"['Malaysia', 'Port Klang (Kelang) Port', 'MY PKL']"
"['Malaysia', 'Sandakan, Sabah Port', 'MY SDK']"
"['Malaysia', 'Sibu, Sarawak Tanjung Port', 'MY SBW']"
"['Malaysia', 'Pelepas,Johor Port', 'MY TPP']"
"['Malaysia', 'Tawau, Sabah Port', 'MY TWU']"
"['Malta', 'Valletta Port', 'MT MLA']"
"['Martinique', 'Fort de France Port', 'MQ FDF']"
"['Mauritania', 'Nouadhibou Port', 'MR NDB']"
"['Mauritania', 'Nouakchott Port', 'MR NKC']"
"['Mauritius', 'Port Louis Port', 'MU PLU']"
"['Mexico', 'Acapulco Port', 'MX ACA']"
"['Mexico', 'Coatzacoalcos Port', 'MX COA']"
"['Mexico', 'Guaymas Port', 'MX GYM']"
"['Mexico', 'La Paz Port', 'MX LAP']"
"['Mexico', 'Lazaro Cardenas Port', 'MX LZC']"
"['Mexico', 'Manzanillo Port', 'MX ZLO']"
"['Mexico', 'Mazatlan Port', 'MX MZT']"
"['Mexico', 'Progreso Port', 'MX PGO']"
"['Mexico', 'Salina Cruz Port', 'MX SCX']"
"['Mexico', 'Tampico Port', 'MX TAM']"
"['Mexico', 'Topolobampo Port', 'MX TPB']"
"['Mexico', 'Tuxpan Port', 'MX TUX']"
"['Mexico', 'Veracruz Port', 'MX VER']"
"['Micronesia', 'Pohnpei (Ex Ponape) Port', 'FM PNI']"
"['Monaco', 'Monaco Port', 'MC MON']"
"['Montenegro', 'Bar Port', 'CS BAR']"
"['Montenegro', 'Kotor Port', 'CS KOT']"
"['Montserrat', 'Plymouth Port', 'MS PLY']"
"['Morocco', 'Agadir Port', 'MA AGA']"
"['Morocco', 'Casablanca Port', 'MA CAS']"
"['Morocco', 'El Jadida Port', 'MA ELJ']"
"['Morocco', 'Kenitra Port', 'MA NNA']"
"['Morocco', 'Mohammedia Port', 'MA MOH']"
"['Morocco', 'Safi Port', 'MA SFI']"
"['Morocco', 'Tangier Port', 'MA TNG']"
"['Mozambique', 'Beira Port', 'MZ BEW']"
"['Mozambique', 'Inhambane Port', 'MZ INH']"
"['Mozambique', 'Maputo Port', 'MZ MPM']"
"['Mozambique', 'Nacala Port', 'MZ MNC']"
"['Mozambique', 'Pemba Port', 'MZ POL']"
"['Mozambique', 'Quelimane Port', 'MZ UEL']"
"['Myanmar', 'Bassein Port', 'MM BSX']"
"['Myanmar', 'Moulmein Port', 'MM MNU']"
"['Myanmar', 'Yangon Port', 'MM RGN']"
"['Namibia', 'Luderitz Port', 'NA LUD']"
"['Namibia', 'Walvis Bay Port', 'NA WVB']"
"['Nauru', 'Nauru Island Port', 'NR INU']"
"['Netherlands', 'Amsterdam Port', 'NL AMS']"
"['Netherlands', 'Delfzijl Port', 'NL DZL']"
"['Netherlands', 'Dordrecht Port', 'NL DOR']"
"['Netherlands', 'Eemshaven Port', 'NL EEM']"
"['Netherlands', 'Groningen Port', 'NL GRQ']"
"['Netherlands', 'IJmuiden Port', 'NL IJM']"
"['Netherlands', 'Rotterdam Port', 'NL RTM']"
"['Netherlands', 'Terneuzen Port', 'NL TNZ']"
"['Netherlands Antilles', 'Kralendijk, Bonaire Port', 'AN KRA']"
"['Netherlands Antilles', 'Philipsburg Port', 'AN PHI']"
"['Netherlands Antilles', 'Willemstad Port', 'AN WIL']"
"['New Caledonia', 'Noumea Port', 'NC NOU']"
"['New Caledonia', 'Thio Port', 'NC THI']"
"['New Zealand', 'Auckland Otago Harbour Port', 'NZ AKL']"
"['New Zealand', '(Dunedin, Port Chalmers, Ravensbourne) Port', 'NZ ORR']"
"['New Zealand', 'Tauranga Port', 'NZ TRG']"
"['New Zealand', 'Wellington Port', 'NZ WLG']"
"['Nicaragua', 'Bluefields Port', 'NI BEF']"
"['Nicaragua', 'Corinto Port', 'NI CIO']"
"['Nicaragua', 'El Bluff Port', 'NI ELB']"
"['Nicaragua', 'Puerto Cabezas Port', 'NI PUZ']"
"['Nicaragua', 'Puerto Sandino Port', 'NI PSN']"
"['Nicaragua', 'San Juan Del Sur Port', 'NI SJS']"
"['Nigeria', 'Calabar Port', 'NG CBQ']"
"['Nigeria', 'Lagos Port', 'NG LOS']"
"['Nigeria', 'Onne Port', 'NG ONN']"
"['Nigeria', 'Port Harcourt Port', 'NG PHC']"
"['Nigeria', 'Sapele Port', 'NG SPL']"
"['Nigeria', 'Tin Can Island Port', 'NG TIN']"
"['Nigeria', 'Warri Port', 'NG WAR']"
"['Northern Mariana Islands', 'Saipan Port', 'MP SPN']"
"['Norway', 'Bergen Port', 'NO BGO']"
"['Norway', 'Drammen Port', 'NO DRM']"
"['Norway', 'Grenland Harbour (Rafnes, Heroya) Port', 'n/a']"
"['Norway', 'Hammerfest Port', 'NO HFT']"
"['Norway', 'Harstad Port', 'NO HRD']"
"['Norway', 'Haugesund Port', 'NO HAU']"
"['Norway', 'Kristiansand Port', 'NO KRS']"
"['Norway', 'Larvik Port', 'NO LAR']"
"['Norway', 'Oslo Port', 'NO OSL']"
"['Norway', 'Stavanger Port', 'NO SVG']"
"['Norway', 'Trondheim Port', 'NO TRD']"
"['Pakistan', 'Karachi Port', 'PK KHI']"
"['Pakistan', 'Muhammad Bin Qasim Port', 'PK BQM']"
"['Panama', 'Colon Port', 'PA ONX']"
"['Panama', 'Cristobal Port', 'PA CTB']"
"['Panama', 'Vacamonte Port', 'PA VAC']"
"['Papua New Guinea', 'Kieta Port', 'PG KIE']"
"['Papua New Guinea', 'Lae Port', 'PG LAE']"
"['Papua New Guinea', 'Madang Port', 'PG MAG']"
"['Papua New Guinea', 'Port Moresby Port', 'PG POM']"
"['Papua New Guinea', 'Rabaul Port', 'PG RAB']"
"['Peru', 'Callao Port', 'PE CLL']"
"['Peru', 'Chimbote Port', 'PE CHM']"
"['Peru', 'Ilo Port', 'PE ILO']"
"['Peru', 'Matarani Port', 'PE MRI']"
"['Peru', 'Paita Port', 'PE PAI']"
"['Peru', 'Salaverry Port', 'PE SVY']"
"['Peru', 'Talara Port', 'PE TYL']"
"['Philippines', 'Batangas Port', 'PH BTG']"
"['Philippines', 'Cagayan de Oro, Mindanao Port', 'PH CGY']"
"['Philippines', 'Cebu Port', 'PH CEB']"
"['Philippines', 'Davao, Mindanao Port', 'PH DVO']"
"['Philippines', 'Iligan, Mindanao Port', 'PH IGN']"
"['Philippines', 'Iloilo Port', 'PH ILO']"
"['Philippines', 'Jolo Port', 'PH JOL']"
"['Philippines', 'Legaspi, Davao Port', 'PH LGP']"
"['Philippines', 'Manila Port', 'PH MNL']"
"['Philippines', 'Puerto Princesa,Palawan Port', 'PH PPS']"
"['Philippines', 'San Fernando, Luzon Port', 'PH SFE']"
"['Philippines', 'Subic Bay Port', 'PH SFS']"
"['Philippines', 'Zamboanga, Mindanao Port', 'PH ZAM']"
"['Poland', 'Gdansk Port', 'PL GDN']"
"['Poland', 'Gdynia Port', 'PL GDY']"
"['Poland', 'Kolobrzeg Port', 'PL KOL']"
"['Poland', 'Swinoujscie Port', 'PL SWI']"
"['Poland', 'Szczecin Port', 'PL SZZ']"
"['Poland', 'Ustka Port', 'PL UST']"
"['Portugal', 'Aveiro Port', 'PT AVE']"
"['Portugal', 'Leixoes Port', 'PT LEI']"
"['Portugal', 'Lisbon Port', 'PT LIS']"
"['Portugal', 'Portimao Port', 'PT PRM']"
"['Portugal', 'Setubal Port', 'PT SET']"
"['Portugal', 'Viana Do Castelo Port', 'PT VDC']"
"['Puerto Rico', 'Guanica Harbour Port', 'PR GUX']"
"['Puerto Rico', 'Guayanilla Port', 'PR GUY']"
"['Puerto Rico', 'Las Mareas Port', 'PR LAM']"
"['Puerto Rico', 'Ponce Port', 'PR PSE']"
"['Puerto Rico', 'San Juan Port', 'PR SJU']"
"['Qatar', 'Doha Port', 'QA DOH']"
"['Qatar', 'Halul Island Port', 'QA HAL']"
"['Qatar', 'Ras Laffan Port', 'QA RLF']"
"['Qatar', 'Umm Said (Mesaieed) Port', 'QA UMS']"
"['Reunion', 'Port Reunion (Pointe des Galets) Port', 'RE PDG']"
"['Romania', 'Braila Port', 'RO BRA']"
"['Romania', 'Constantza Port', 'RO CND']"
"['Romania', 'Mangalia Port', 'RO MAG']"
"['Romania', 'Sulina Port', 'RO SUL']"
"['Russia', 'Kaliningrad Port', 'SU KGD']"
"['Russia', 'Kholmsk Port', 'RU KHO']"
"['Russia', 'Murmansk Port', 'RU MMK']"
"['Russia', 'Nakhodka Port', 'RU NJK']"
"['Russia', 'Novorossiysk Port', 'RU NVS']"
"['Russia', 'St Petersburg Port', 'RU LED']"
"['Russia', 'Tuapse Port', 'RU TUA']"
"['Russia', 'Vladivostok Port', 'RU VVO']"
"['Russia', 'Vyborg Port', 'RU VYG']"
"['Saint Kitts and Nevis', 'Basseterre Port', 'KN BAS']"
"['Saint Lucia', 'Castries (St Lucia) Port', 'LC SLU']"
"['Saint Lucia', 'Vieux Fort Port', 'LC VIF']"
"['Saint Vincent and the Grenadines', 'Kingstown Port', 'VC KTN']"
"['Samoa', 'Apia Port', 'WS APW']"
"['Sao Tome and Principe', 'Santo Antonio Port', 'ST SAA']"
"['Sao Tome and Principe', 'Sao Tome Port', 'ST TMS']"
"['Saudi Arabia', 'Dammam Port', 'SA DMN']"
"['Saudi Arabia', 'Dhuba Port', 'SA DHU']"
"['Saudi Arabia', 'Gizan Port', 'SA GIZ']"
"['Saudi Arabia', 'Jeddah Port', 'SA JED']"
"['Saudi Arabia', 'Jubail Port', 'SA JUB']"
"['Saudi Arabia', 'Rabigh Port', 'SA RAB']"
"['Saudi Arabia', 'Ras al Mishab Port', 'SA RAM']"
"['Saudi Arabia', 'Ras Tanura Port', 'SA RTA']"
"['Saudi Arabia', 'Yanbu Port', 'SA YNB']"
"['Senegal', 'Dakar Port', 'SN DKR']"
"['Seychelles', 'Port Victoria Port', 'SC POV']"
"['Sierra Leone', 'Freetown Port', 'SL FNA']"
"['Sierra Leone', 'Pepel Port', 'SL PEP']"
"['Singapore', 'Singapore Port', 'SG SIN']"
"['Slovenia', 'Izola Port', 'SI IZO']"
"['Slovenia', 'Koper Port', 'SI KOP']"
"['Slovenia', 'Piran Port', 'SI PIR']"
"['Solomon Islands', 'Honiara Port', 'SB HIR']"
"['Solomon Islands', 'Noro, New Georgia Port', 'SB NOR']"
"['Solomon Islands', 'Viru Harbour Port', 'SB VIU']"
"['Solomon Islands', 'Yandina, Pavuvu Island Port', 'SB XYA']"
"['Somalia', 'Berbera Port', 'SO BBO']"
"['Somalia', 'Kismayu Port', 'SO KMU']"
"['Somalia', 'Merca Port', 'SO MER']"
"['Somalia', 'Mogadishu Port', 'SO MGQ']"
"['South Africa', 'Cape Town Port', 'ZA CPT']"
"['South Africa', 'Durban Port', 'ZA DUR']"
"['South Africa', 'Mossel Bay Port', 'ZA MZY']"
"['South Africa', 'Port Elizabeth Port', 'ZA PLZ']"
"['South Africa', 'Richards Bay Port', 'ZA RCB']"
"['South Africa', 'Saldanha Bay Port', 'ZA SDB']"
"['Spain', 'Aviles Port', 'ES AVS']"
"['Spain', 'Barcelona Port', 'ES BCN']"
"['Spain', 'Bilbao Port', 'ES BIO']"
"['Spain', 'Cadiz Port', 'ES CAD']"
"['Spain', 'Cartagena Port', 'ES CAR']"
"['Spain', 'Castellon Port', 'ES CAS']"
"['Spain', 'Ceuta Port', 'ES CEU']"
"['Spain', 'Huelva Port', 'ES HUV']"
"['Spain', 'Malaga Port', 'ES AGP']"
"['Spain', 'Pasajes Port', 'ES PAS']"
"['Spain', 'Santander Port', 'ES SDR']"
"['Spain', 'Tarragona Port', 'ES TAR']"
"['Spain', 'Valencia Port', 'ES VLC']"
"['Spain', 'Vigo Port', 'ES VGO']"
"['Sri Lanka', 'Colombo Port', 'LK CMB']"
"['Sri Lanka', 'Jaffna Port', 'LK JAF']"
"['Sri Lanka', 'Trincomalee Port', 'LK TRR']"
"['St. Helena', 'Jamestown Port', 'SH SHN']"
"['St. Pierre and Miquelon', 'St Pierre Port', 'PM FSP']"
"['Sudan', 'Port Sudan Port', 'SD PZU']"
"['Suriname', 'Moengo Port', 'SR MOJ']"
"['Suriname', 'Nieuw Nickerie Port', 'SR ICK']"
"['Suriname', 'Paramaribo Port', 'SR PBM']"
"['Suriname', 'Paranam Port', 'SR PRM']"
"['Suriname', 'Wageningen Port', 'SR AGI']"
"['Sweden', 'Gavle Port', 'SE GVX']"
"['Sweden', 'Gothenburg (Goteborg) Port', 'SE GOT']"
"['Sweden', 'Halmstad Port', 'SE HAD']"
"['Sweden', 'Kalmar Port', 'SE KLR']"
"['Sweden', 'Karlshamn Port', 'SE KAN']"
"['Sweden', 'Malmo Port', 'SE MMA']"
"['Sweden', 'Solvesborg Port', 'SE SOL']"
"['Sweden', 'Stockholm Port', 'SE STO']"
"['Sweden', 'Sundsvall Port', 'SE SDL']"
"['Switzerland', 'Basel Port', 'CH BSL']"
"['Syria', 'Baniyas Port', 'SY BAN']"
"['Taiwan', 'Hualien Port', 'TW HUN']"
"['Taiwan', 'Kaohsiung Port', 'TW KHH']"
"['Taiwan', 'Kaohsiung Port', 'TW KHH']"
"['Taiwan', 'Keelung (Chilung) Port', 'TW KEL']"
"['Taiwan', 'Suao Port', 'TW SUO']"
"['Taiwan', 'Taichung Port', 'TW TXG']"
"['Tanzania', 'Dar Es Salaam Port', 'TZ DAR']"
"['Tanzania', 'Kilwa Masoko Port', 'TZ KIM']"
"['Tanzania', 'Lindi Port', 'TZ LDI']"
"['Tanzania', 'Mtwara Port', 'TZ MYW']"
"['Tanzania', 'Pangani Port', 'TZ PAN']"
"['Tanzania', 'Tanga Port', 'TZ TGT']"
"['Thailand', 'Bangkok Port', 'TH BKK']"
"['Thailand', 'Laem Chabang Port', 'TH LCH']"
"['Thailand', 'Pattani Port', 'TH PAN']"
"['Thailand', 'Phuket Port', 'TH HKT']"
"['Thailand', 'Sattahip Port', 'TH SAT']"
"['Thailand', 'Songkhla Port', 'TH SGZ']"
"['Thailand', 'Sriracha Port', 'TH SRI']"
"['Togo', 'Kpeme Port', 'TG KPE']"
"['Togo', 'Lome Port', 'TG LFW']"
"['Tonga', 'Neiafu Port', 'TO NEI']"
"['Tonga', 'Nukualofa Port', 'TO TBU']"
"['Tonga', 'Pangai Port', 'TO PAN']"
"['Trinidad and Tobago', 'Point Fortin Port', 'TT PTF']"
"['Trinidad and Tobago', 'Point Lisas Port', 'TT PTS']"
"['Trinidad and Tobago', 'Pointe a Pierre Port', 'TT PTP']"
"['Trinidad and Tobago', 'Scarborough Port', 'TT SCA']"
"['Trinidad and Tobago', 'Spain Port', 'TT POS']"
"['Trinidad and Tobago', 'Tembladora Port', 'TT TEM']"
"['Tunisia', 'Bizerte Port', 'TN BIZ']"
"['Tunisia', 'Gabes Port', 'TN GAE']"
"['Tunisia', 'La Goulette Port', 'TN LGN']"
"['Tunisia', 'Sfax Port', 'TN SFA']"
"['Tunisia', 'Sousse Port', 'TN SUS']"
"['Tunisia', 'Tunis Port', 'TN TUN']"
"['Turkey', 'Derince Port', 'TR DRC']"
"['Turkey', 'Dikili Port', 'TR DIK']"
"['Turkey', 'Gemlik Port', 'TR GEM']"
"['Turkey', 'Hopa, Artvin Port', 'TR HOP']"
"['Turkey', 'Iskenderun, Hatay Port', 'TR ISK']"
"['Turkey', 'Istanbul Port', 'TR IST']"
"['Turkey', 'Trabzon Port', 'TR TZX']"
"['Turks and Caicos Islands', 'Grand Turk Island Port', 'TC GDT']"
"['Turks and Caicos Islands', 'Providenciales Port', 'TC PLS']"
"['Tuvalu', 'Funafuti Port', 'TV FUN']"
"['Ukraine', 'Berdyansk Port', 'UA ERD']"
"['Ukraine', 'Kherson Port', 'UA KHE']"
"['Ukraine', 'Odessa Port', 'UA ODS']"
"['Ukraine', 'Reni Port', 'UA RNI']"
"['Ukraine', 'Sevastopol Port', 'UA SVP']"
"['United Arab Emirates', 'Ajman Port', 'AE AJM']"
"['United Arab Emirates', 'Das Island Port', 'AE DAS']"
"['United Arab Emirates', 'Dubai (Port Rashid) Port', 'AE DXB']"
"['United Arab Emirates', 'Fujairah Port', 'AE FJR']"
"['United Arab Emirates', 'Jebel Dhanna/ Ruwais Port', 'AE JEA']"
"['United Arab Emirates', 'Khor Fakkan Port', 'AE KLF']"
"['United Arab Emirates', 'Mina Saqr Port', 'AE MSA']"
"['United Arab Emirates', 'Mina Zayed Port', 'AE MZD']"
"['United Kingdom', 'Aberdeen Port', 'GB ABD']"
"['United Kingdom', 'Belfast Port', 'GB BEL']"
"['United Kingdom', 'Bristol Port', 'GB BRS']"
"['United Kingdom', 'Dover Port', 'GB DVR']"
"['United Kingdom', 'Falmouth Port', 'GB FAL']"
"['United Kingdom', 'Felixstowe Port', 'GB FXT']"
"['United Kingdom', 'Glasgow Port', 'GB GLW']"
"['United Kingdom', 'Grangemouth Port', 'GB GRG']"
"['United Kingdom', 'Hull Port', 'GB HUL']"
"['United Kingdom', 'Leith Port', 'GB LEI']"
"['United Kingdom', 'Liverpool Port', 'GB LIV']"
"['United Kingdom', 'London Port', 'GB LON']"
"['United Kingdom', 'Manchester Port', 'GB MNC']"
"['United Kingdom', 'Peterhead Bay Port', 'GB PHD']"
"['United Kingdom', 'Plymouth Port', 'GB PLY']"
"['United Kingdom', 'Portsmouth Port', 'GB PME']"
"['United Kingdom', 'Scapa Flow Port', 'GB SFW']"
"['United Kingdom', 'Southampton Port', 'GB SOU']"
"['United Kingdom', 'Sullom Voe Port', 'GB SUL']"
"['United Kingdom', 'Teesport Port', 'GB TEE']"
"['United Kingdom', 'Thamesport Port', 'GB RCS']"
"['United Kingdom', 'Tyne Port', 'GB TYN']"
"['United States', 'Anacortes Port', 'US AOT']"
"['United States', 'Ashtabula Port', 'US ASF']"
"['United States', 'Baltimore Port', 'US BAL']"
"['United States', 'Baton Rouge Port', 'US BTR']"
"['United States', 'Beaumont Port', 'US BPT']"
"['United States', 'Boston Port', 'US BOS']"
"['United States', 'Charleston Port', 'US CHS']"
"['United States', 'Chicago Port', 'US CHI']"
"['United States', 'Cleveland Port', 'US CLE']"
"['United States', 'Corpus Christi Port', 'US CRP']"
"['United States', 'Detroit Port', 'US DET']"
"['United States', 'Duluth-Superior Port', 'US DLH']"
"['United States', 'Freeport Port', 'US FRP']"
"['United States', 'Hampton Roads (Norfolk, Chesapeake) Port', 'US HNV']"
"['United States', 'Honolulu Port', 'US HNL']"
"['United States', 'Houston Port', 'US HOU']"
"['United States', 'Huntington – Tri-State (WV) Port', 'US HTS']"
"['United States', 'Jacksonville Port', 'US JAX']"
"['United States', 'Lake Charles Port', 'US LCH']"
"['United States', 'Long Beach Port', 'US LGB']"
"['United States', 'Los Angeles Port', 'US LAX']"
"['United States', 'Manatee Port', 'US MEE']"
"['United States', 'Memphis Port', 'US MEM']"
"['United States', 'Miami Port', 'US MIA']"
"['United States', 'Mobile Port', 'US MOB']"
"['United States', 'New Orleans Port', 'US']"
"['United States', 'New York/New Jersey Port', 'US NYC']"
"['United States', 'Oakland Port', 'US OAK']"
"['United States', 'Pascagoula Port', 'US PGL']"
"['United States', 'Philadelphia Port', 'US PHL']"
"['United States', 'Pittsburgh Port', 'US PIT']"
"['United States', 'Plaquemines (Louisiana) Port', 'US PLQ']"
"['United States', 'Port Arthur Port', 'US POA']"
"['United States', 'Port Everglades Port', 'US PEF']"
"['United States', 'Portland (Maine) Port', 'USPWM']"
"['United States', 'Portland (Oregon) Port', 'US PDX']"
"['United States', 'Richmond (CA) Port', 'US RCH']"
"['United States', 'Richmond (VA) Port', 'US RIC']"
"['United States', 'Savannah Port', 'US SAV']"
"['United States', 'Seattle Port', 'US SEA']"
"['United States', 'South Louisiana Port', 'US LUA']"
"['United States', 'Tacoma Port', 'US ACI']"
"['United States', 'Tampa Port', 'US TPA']"
"['United States', 'Texas City Port', 'US TXT']"
"['United States', 'Valdez Port', 'US VDZ']"
"['United States', 'Wilmington (DE) Port', 'US ILM']"
"['United States', 'Wilmington (NC) Port', 'US ILG']"
"['United States', 'Yakutat Port', 'US YAK']"
"['Uruguay', 'Fray Bentos Port', 'UY FZB']"
"['Uruguay', 'Montevideo Port', 'UY MVD']"
"['Uruguay', 'Nueva Palmira Port', 'UY NVP']"
"['Uruguay', 'Paysandu Port', 'UY PDU']"
"['Vanuatu', 'Port Vila Port', 'VU VLI']"
"['Vanuatu', 'Santo Port', 'VU SAN']"
"['Venezuela', 'Bajo Grande Refinery Port', 'VE BJV']"
"['Venezuela', 'Cumana (Puerto Sucre) Port', 'VE CUM']"
"['Venezuela', 'La Guaira Port', 'VE LAG']"
"['Venezuela', 'La Salina Port', 'VE LSV']"
"['Venezuela', 'Maracaibo Port', 'VE MAR']"
"['Venezuela', 'Matanzas Port', 'VE MTV']"
"['Venezuela', 'Palua Port', 'VE PLA']"
"['Venezuela', 'Puerto Cabello Port', 'VE PBL']"
"['Venezuela', 'Puerto La Cruz Port', 'VE PCZ']"
"['Venezuela', 'Punta Cardon Port', 'VE PCN']"
"['Vietnam', 'Danang Port', 'VN DAD']"
"['Vietnam', 'Haiphong Port', 'VN HPH']"
"['Vietnam', 'Ho Chi Minh City Port', 'VN SGN']"
"['Vietnam', 'Hon Gay Port', 'VN HON']"
"['Vietnam', 'Nha Trang Port', 'VN NHA']"
"['Virgin Isl. (US)', 'Charlotte Amalie,St. Thomas Port', 'VI STT']"
"['Virgin Islands (US)', 'Christiansted, St. Croix Port', 'VI CTD']"
"['Virgin Islands (US)', 'Limetree Bay Port', 'VI LIB']"
"['Yemen', 'Aden Port', 'YE ADE']"
"['Yemen', 'Hodeidah Port', 'YE HOD']"
"['Yemen', 'Mokha Port', 'YE MOK']"
"['Yemen', 'Mukalla Port', 'YE MKX']"
